time,pid,pid_deadzone,event_pid,lif_snn,trinc
0.0,0.0,0.0,0.0,0.0,0.0
0.1,0.0,0.0,0.0,0.0,0.0
0.2,0.0,0.0,0.0,0.0,0.0
0.30000000000000004,0.0,0.0,0.0,0.0,0.0
0.4,0.0,0.0,0.0,0.0,0.0
0.5,0.0,0.0,0.0,0.0,0.0
0.6000000000000001,0.0,0.0,0.0,0.0,0.0
0.7000000000000001,0.0,0.0,0.0,0.0,0.0
0.8,0.0,0.0,0.0,0.0,0.0
0.9,0.0,0.0,0.0,0.0,0.0
1.0,0.0,0.0,0.0,0.0,0.0
1.1,0.0,0.0,0.0,0.0,0.0
1.2000000000000002,0.0,0.0,0.0,0.0,0.0
1.3,0.0,0.0,0.0,0.0,0.0
1.4000000000000001,0.006343465336472498,0.0,0.0,0.0,0.0
1.5,0.014425036550991446,0.0,0.0,0.0,0.0
1.6,0.0049609771985801255,0.0,0.0,0.0,0.0
1.7000000000000002,0.025915858442121492,0.013516410950056255,0.0,0.0,0.0
1.8,0.012616373615400765,0.003772124248735055,0.0,0.0,0.0
1.9000000000000001,0.0413586760522664,0.03379324978590084,0.019560619616524798,0.0,0.0
2.0,0.03569277558065295,0.029207280509333224,0.01752557675048232,0.0,0.0
2.1,0.03827771643936734,0.03252296452658257,0.02181338458558642,0.0,0.0
2.2,0.0330401722026529,0.0278814342491481,0.018190939310339466,0.0,0.0
2.3000000000000003,0.06171512551522764,0.05670442529323168,0.04810579992657041,0.0,0.0
2.4000000000000004,0.049572259689187395,0.04473653759608517,0.03703483947568584,0.2,0.0
2.5,0.04808171304471763,0.04339939652605624,0.036461202893818226,0.19,0.0
2.6,0.0488033267042271,0.04425430415982792,0.03796398579379245,0.1805,0.0
2.7,0.06236605232572115,0.0578802353010546,0.05214108875708958,0.171475,0.34
2.8000000000000003,0.06452000292086416,0.06006790194500089,0.05479863000929645,0.16290124999999997,0.2924
2.9000000000000004,0.0693833080419242,0.06493538643539377,0.06006767383701413,0.15475618749999998,0.25146399999999997
3.0,0.07331678403603076,0.06885191297292911,0.06432833021080667,0.14701837812499996,0.21625903999999996
3.1,0.10282233975656335,0.09822292389411674,0.09399517613132087,0.13966745921874996,0.18598277439999997
3.2,0.0755638857026788,0.07092573242357772,0.0669531896028974,0.13268408625781244,0.15994518598399998
3.3000000000000003,0.0729180656583918,0.06827634625566929,0.0645248101040346,0.1260498819449218,0.13755285994623997
3.4000000000000004,0.0644988510530517,0.059902306483723036,0.0563429761249251,0.11974738784767572,0.11829545955376637
3.5,0.08191987256997935,0.0773112771471576,0.07391988133868754,0.11376001845529193,0.10173409521623908
3.6,0.09297661315775575,0.08830548435289018,0.08506155350053449,0.10807201753252733,0.0874913218859656
3.7,0.08087634329967815,0.07618592711594424,0.07307218254685353,0.10266841665590096,0.07524253682193041
3.8000000000000003,0.06993764566135298,0.06528443039614307,0.06228627199900198,0.0975349958231059,0.06470858166686015
3.9000000000000004,0.06564031642816415,0.06105575471216386,0.05816083109676072,0.09265824603195061,0.05564938023349973
4.0,0.08396871650519408,0.07938666509911828,0.07658451298084752,0.08802533373035308,0.04785846700080977
4.1000000000000005,0.08941199972099115,0.08480004405293741,0.08208178570968896,0.08362406704383542,0.0411582816206964
4.2,0.0917854079289157,0.08713056492028048,0.08448865436595807,0.0,0.0353961221937989
4.3,0.07706321659949283,0.0724270959318221,0.0698551059580682,0.0,0.030440665086667054
4.4,0.08787187141138401,0.08322750767625978,0.08071995117843231,0.0,0.026178971974533668
4.5,0.0871718497849317,0.08252266827727821,0.08007484834148092,0.0,0.022513915898098955
4.6000000000000005,0.09019345427205788,0.08553145382459708,0.08313933794240189,0.0,0.019361967672365102
4.7,0.1018301598505746,0.09711283011545574,0.09477294463946259,0.0,0.016651292198233986
4.800000000000001,0.09691410988750321,0.09215997705024118,0.08986931862981672,0.0,0.014320111290481228
4.9,0.10561254196766161,0.10079755292594478,0.09855351418781129,0.2,0.012315295709813856
5.0,0.09953163105702297,0.09468491595063816,0.09248522312968883,0.19,0.010591154310439915
5.1000000000000005,0.10329808451383565,0.0984177671557287,0.09626042775110893,0.1805,0.34910839270697835
5.2,0.10947236223097565,0.1045421938531589,0.10242545269479811,0.371475,0.3002332177280014
5.300000000000001,0.08060614121688706,0.07574491477146598,0.07366721714240493,0.35290125,0.2582005672460812
5.4,0.0905502043119441,0.0857427539378302,0.08370271461592105,0.33525618749999997,0.22205248783162984
5.5,0.08578055261491427,0.08104531679228988,0.07904169405795353,0.31849337812499995,0.19096513953520167
5.6000000000000005,0.24439261219222708,0.23910539617062293,0.23713706998091272,0.30256870921874995,0.16423002000027342
5.7,0.3007047727883991,0.29455933244225413,0.29262528610033167,0.28744027375781245,0.14123781720023515
5.800000000000001,0.38269972902718535,0.3753687786263908,0.3734680833836057,0.2730682600699218,0.12146452279220223
5.9,0.40160023445964166,0.39304647757507694,0.39117827969349794,0.4594148470664257,0.1044594896012939
6.0,0.4664531622791408,0.45652925486049734,0.454692764739823,0.6364441047131044,0.08983516105711276
6.1000000000000005,0.46432400667054907,0.45314741459217617,0.4513418976287439,0.8046218994774492,0.417258238509117
6.2,0.5065299305928007,0.49408907908762123,0.49231384798678673,0.9643908045035767,0.3588420851178406
6.300000000000001,0.5367727242331601,0.5230848876917366,0.5213392959997625,1.0,0.3086041932013429
6.4,0.5668547782654522,0.5519377821290096,0.5502212187883113,0.95,0.2653996061531549
6.5,0.591540920670428,0.5754334931129328,0.5737453778761011,1.0,0.2282436612917132
6.6000000000000005,0.6134693916937214,0.5962222971957181,0.5945620767602597,0.95,0.19628954871087334
6.7,0.6144595999563648,0.5962047692405852,0.5945719139885625,0.9025,0.16880901189135106
6.800000000000001,0.6231143135945383,0.6039597502970869,0.6023537515424842,0.8573749999999999,0.1451757502265619
6.9,0.650774149836091,0.6307399719209728,0.6291603395832802,0.8145062499999999,0.12485114519484324
7.0,0.648121798149936,0.6273242768605829,0.6257705374962033,0.7737809374999999,0.10737198486756518
7.1000000000000005,0.6393263345228629,0.6179133842214934,0.6163850793555983,0.7350918906249998,0.557339906986106
7.2,0.6419135319267472,0.6199847977165542,0.6184814824272633,0.6983372960937497,0.4793123200080512
7.300000000000001,0.6457094473649856,0.6233400413581373,0.6218612830726208,0.6634204312890623,0.412208595206924
7.4,0.6694129129791286,0.6465846775019329,0.6451300549705734,0.6302494097246091,0.35449939187795465
7.5,0.6733559244272636,0.6501080840402564,0.6486771864604244,0.7987369392383785,0.30486947701504097
7.6000000000000005,0.689552837189686,0.6658825526255877,0.6644749788911916,0.7588000922764595,0.2621877502329352
7.7,0.6817592512354966,0.6577514341527746,0.6563667922095716,0.7208600876626365,0.22548146520032428
7.800000000000001,0.6939133676295863,0.6695850387791085,0.6682229450689715,0.6848170832795046,0.19391406007227888
7.9,0.7059043446379767,0.681259591570945,0.6799196705510101,0.8505762291155294,0.16676609166215983
8.0,0.6991411284647795,0.6742522161020341,0.6729340998268946,0.808047417659753,0.14341883882945744
8.1,0.7132378065600808,0.6881033973329448,0.6868067250899688,0.7676450467767653,0.5883402013933334
8.200000000000001,0.701462814009975,0.6761695960463507,0.6748940140357965,0.729262794437927,0.5059725731982667
8.3,0.7061157345986783,0.6806949404767093,0.6794401015296448,0.8927996547160306,0.43513641295050937
8.4,0.7065784232371415,0.6810656296576599,0.6798311929858232,0.848159671980229,0.37421731513743806
8.5,0.6954603393456359,0.6699323204978331,0.6687179514705002,0.8057516883812176,0.3218268910181967
8.6,0.7184190567561053,0.6928208171861798,0.6916261871299119,0.7654641039621567,0.2767711262756492
8.700000000000001,0.7094689281988535,0.6838480311990283,0.6826728172168159,0.7271908987640489,0.2380231685970583
8.8,0.7188349071506548,0.6931810509883622,0.692024935795265,0.6908313538258464,0.20469992499347014
8.9,0.7292904169387047,0.7035810857405782,0.7024437575133868,0.656289786134554,0.17604193549438432
9.0,0.7348030673487527,0.709032737732588,0.7079138899714704,0.8234752968278263,0.15139606452517052
9.1,0.7437714150608532,0.7179254030286494,0.7168247344290413,0.7823015319864349,0.5952006154916467
9.200000000000001,0.7382285252534594,0.7123497014369236,0.7112669157702056,0.7431864553871131,0.5118725293228161
9.3,0.7351877041128345,0.7093181350583122,0.7082529410600567,0.9060271326177574,0.44021037521762185
9.4,0.7399912357229506,0.7141402470047619,0.7130923582695147,0.8607257759868695,0.37858092268715476
9.5,0.7169088812450143,0.6911872557729262,0.6901563906546617,0.817689487187526,0.3255795935109531
9.600000000000001,0.7144423354142497,0.6888910363634423,0.6878769178809538,0.7768050128281496,0.2799984504194197
9.700000000000001,0.7110582448385574,0.6857056803819948,0.6847080361286113,0.7379647621867421,0.2407986673607009
9.8,0.7128417801051858,0.6876876264962815,0.6867061885533886,0.701066524077405,0.2070868539302028
9.9,0.7333909052515566,0.7083540372412256,0.7073885420951529,0.6660131978735347,0.1780946943799744
10.0,0.7203654839786409,0.6954854947095137,0.694535683171419,0.6327125379798579,0.153161437166778
10.100000000000001,0.7293042226421127,0.7045553980995132,0.7036210152279463,0.601076911080865,0.5967188359634291
10.200000000000001,0.7571324076850225,0.7324071069923324,0.7314879020182161,0.7710230655268218,0.513178198928549
10.3,0.7430693868384393,0.718414358796147,0.717510085049947,0.7324719122504806,0.44133325107855215
10.4,0.7627737797307396,0.7381310392647598,0.7372414541056529,0.8958483166379565,0.37954659592755485
10.5,0.7438350785997699,0.7192866152655017,0.7184114800123804,0.8510559008060586,0.32641007249769716
10.600000000000001,0.7536867241807991,0.7292214347994467,0.7283605146636131,0.8085031057657557,0.28071266234801956
10.700000000000001,0.7434342266125936,0.7191052904781781,0.7182583544976178,0.9680779504774679,0.24141288961929683
10.8,0.7511296221668474,0.7269255102783251,0.7260923312534471,0.9196740529535945,0.20761508507259527
10.9,0.7702088350624702,0.7460619546588936,0.7452423090896578,0.8736903503059147,0.17854897316243193
11.0,0.7387900404082256,0.7148229487033481,0.7140166167276907,0.8300058327906189,0.15355211691969145
11.100000000000001,0.766828361936124,0.7429592779259526,0.7421660432594601,0.788505541151088,0.5970548205509347
11.200000000000001,0.7680943212050794,0.7443152076624802,0.7435348575392317,0.7490802640935336,0.5134671456738038
11.3,0.7606437129887038,0.7369907872193479,0.7362231123338971,0.7116262508888569,0.44158174527947125
11.4,0.7477552841649505,0.724295854265846,0.7235406487162761,0.676044938344414,0.37976030094034524
11.5,0.7662602786620194,0.7429402554771252,0.7421973167091555,0.6422426914271933,0.3265938588086969
11.600000000000001,0.7602115488474616,0.7370519706413656,0.736321099393457,0.6101305568558336,0.28087071857547935
11.700000000000001,0.7732425061331003,0.7501998743015559,0.7494808745509979,0.7796240290130418,0.24154881797491223
11.8,0.7744999265918315,0.7515695360909371,0.7508622150008759,0.7406428275623897,0.20773198345842453
11.9,0.8023675944662317,0.7794469715824106,0.7787511394497992,0.9036106861842703,0.1786495057742451
12.0,0.7853033171403819,0.7624561323442332,0.7617716025486707,0.8584301518750568,0.1536385749658508
12.100000000000001,0.7753144919450183,0.752604972727413,0.7519315616808643,1.0,0.5971291744706317
12.200000000000001,0.7897413894751986,0.7671378618782223,0.76647538897558,0.95,0.5135310900447433
12.3,0.7927347777540771,0.7702314149036327,0.7695797024741162,0.9025,0.4416367374384792
12.4,0.8137370143137972,0.7912598751027345,0.7906187483621031,0.8573749999999999,0.3798075941970921
12.5,0.8146195212595418,0.7921665817641871,0.7915358687677477,0.8145062499999999,0.3266345310094992
12.600000000000001,0.8135793518216917,0.7911704474446776,0.7905499790410726,0.9737809374999999,0.2809056966681693
12.700000000000001,0.8329853101586111,0.810565740197339,0.8099553499831011,0.9250918906249999,0.24157889913462557
12.8,0.8000731500088796,0.7777832341739624,0.7771827584488175,0.8788372960937498,0.207757853255778
12.9,0.8029780618323163,0.7808452954120015,0.7802545731349085,0.8348954312890623,0.17867175379996908
13.0,0.7942958054052555,0.7723719029354631,0.7717907756813768,0.7931506597246092,0.1536577082679734
13.100000000000001,0.7984462891873074,0.7767282232887717,0.7761565352061139,0.7534931267383786,0.5971456291104571
13.200000000000001,0.7824989222371623,0.7610512493672588,0.7604888471360889,0.7158184704014596,0.5135452410349931
13.3,0.8082581657460626,0.7869881946051551,0.7864349273960219,0.6800275468813867,0.44164890729009404
13.4,0.8002266251243673,0.7791501282313205,0.7786058476647851,0.6460261695373173,0.3798180602694809
13.5,0.783443198485359,0.7626278015165784,0.7620923616234054,0.6137248610604514,0.32664353183175354
13.600000000000001,0.71413608046161,0.6938657052591481,0.6933389624411377,0.5830386180074288,0.28091343737530805
13.700000000000001,0.7082998010668721,0.6886319351462894,0.6881137481377538,0.5538866871070574,0.24158555614276492
13.8,0.697080383859047,0.6780434489579492,0.6775336787878171,0.7261923527517045,0.20776357828277783
13.9,0.7029066945001822,0.6844430918022457,0.6839416017567768,0.6898827351141192,0.17867667732318893
14.0,0.7130410344041689,0.695060764572974,0.6945674201590926,0.6553885983584132,0.15366194249794246
14.100000000000001,0.6774501112431814,0.6600413255673633,0.6595559944765756,0.6226191684404926,0.5971492705482305
14.200000000000001,0.6466724452230158,0.6299355649531788,0.6294581170260887,0.591488210018468,0.5135483726714782
14.3,0.6120379293431634,0.5365511881184976,0.5956184541083878,0.5619137995175445,0.44165160049747126
14.4,0.6274251047503584,0.5135818478244183,0.5896622695673038,0.5338181095416672,0.3798203764278253
14.5,0.6040451280820399,0.4604881380024581,0.5896622695673038,0.5071272040645838,0.32664552372792977
14.600000000000001,0.6013680188948531,0.4357374607452697,0.5896622695673038,0.48177084386135455,0.2809151504060196
14.700000000000001,0.5917372187619336,0.4498556761767996,0.5896622695673038,0.4576823016682868,0.24158702934917686
14.8,0.592948253771623,0.4661573088010293,0.5896622695673038,0.4347981865848724,0.2077648452402921
14.9,0.608462903167094,0.49499099290605997,0.5896622695673038,0.41305827725562877,0.1786777669066512
15.0,0.5987301298905742,0.4965092296589088,0.5896622695673038,0.3924053633928473,0.15366287953972002
15.100000000000001,0.5940922834401028,0.5014622402216143,0.5896622695673038,0.572785095223205,0.5971500764041593
15.200000000000001,0.5784279146411624,0.4940316848242083,0.5896622695673038,0.5441458404620447,0.513549065707577
15.3,0.5623102364081553,0.48502390938423967,0.5896622695673038,0.5169385484389425,0.44165219650851617
15.4,0.5711315986852677,0.4999189447139922,0.5476969689265438,0.6910916210169953,0.3798208889973239
15.5,0.5753212748276627,0.5093035366788572,0.5422199992372784,0.6565370399661455,0.32664596453769856
15.600000000000001,0.6044649766564637,0.5427980443766999,0.5422199992372784,0.6237101879678383,0.28091552950242077
15.700000000000001,0.5900804249256556,0.5321944298613484,0.5422199992372784,0.5925246785694464,0.24158735537208187
15.8,0.6057117998734041,0.5510440471568487,0.5422199992372784,0.7628984446409741,0.20776512561999042
15.9,0.5879590612424171,0.5361496748492971,0.5422199992372784,0.7247535224089253,0.17867800803319175
16.0,0.5753805058223505,0.5261344853772949,0.5422199992372784,0.6885158462884791,0.1536630869085449
16.1,0.5721153829753358,0.5251549844867586,0.5422199992372784,0.6540900539740551,0.5971502547413486
16.2,0.5708854972803546,0.5259602049150938,0.5422199992372784,0.6213855512753523,0.5135492190775598
16.3,0.6117841335457068,0.5685102651946892,0.6354984883852959,0.5903162737115847,0.44165232840670143
16.400000000000002,0.579082386414496,0.5373751456557054,0.6291435035014429,0.36080046002600547,0.37982100242976324
16.5,0.6029239973656054,0.5625488968458937,0.6291435035014429,0.34276043702470516,0.3266460620895964
16.6,0.5803992685050057,0.541305003414337,0.6291435035014429,0.3256224151734699,0.2809156133970529
16.7,0.6051700683658124,0.5671606807772662,0.6291435035014429,0.3093412944147964,0.2415874275214655
16.8,0.6014778407829278,0.564462489739546,0.6291435035014429,0.2938742296940566,0.20776518766846033
16.900000000000002,0.5965154711479781,0.5604357640069203,0.6291435035014429,0.47918051820935376,0.17867806139487588
17.0,0.5977612723870485,0.56255150701738,0.6291435035014429,0.655221492298886,0.15366313279959326
17.1,0.5882331968449375,0.5538757074148037,0.6291435035014429,0.6224604176839417,0.5971502942076502
17.2,0.6020975665721022,0.5684946036521157,0.6291435035014429,0.7913373967997446,0.5135492530185791
17.3,0.5908739359132555,0.5580190045640798,0.6291435035014429,0.7517705269597573,0.44165235759597804
17.400000000000002,0.5780162240412925,0.5459272910408541,0.534193454966662,0.7141820006117694,0.3798210275325411
17.5,0.5715888724186771,0.5402653653529852,0.5428579356436891,0.8784729005811809,0.32664608367798537
17.6,0.5881611568341516,0.5575078776079725,0.5374293562872522,0.8345492555521218,0.2809156319630674
17.7,0.6122295147107221,0.5821078749179204,0.5963022717064702,0.7928217927745157,0.24158744348823796
17.8,0.601293448290262,0.5717021898159449,0.5903392489894055,0.7531807031357899,0.20776520139988464
17.900000000000002,0.6003677297257373,0.5712959381223539,0.5903392489894055,0.7155216679790004,0.17867807320390078
18.0,0.606617025886341,0.5780291618801894,0.5903392489894055,0.4797455845800504,0.15366314295535466
18.1,0.6242797603565678,0.5960920836796654,0.5903392489894055,0.45575830535104783,0.597150302941605
18.2,0.6150940808921835,0.5873241386230686,0.5903392489894055,0.4329703900834954,0.5135492605297802
18.3,0.6074037397073102,0.5800824074681676,0.5903392489894055,0.4113218705793206,0.441652364055611
18.400000000000002,0.6280255255165742,0.6010755035936022,0.5903392489894055,0.3907557770503546,0.37982103308782544
18.5,0.6227750791946683,0.5962033743242958,0.5903392489894055,0.37121798819783686,0.3266460884555299
18.6,0.6422114721271392,0.6159418474187953,0.6456613249223442,0.352657088787945,0.2809156360717557
18.7,0.6285907222932635,0.6026681537958164,0.626802693182006,0.5350242343485477,0.2415874470217099
18.8,0.6076428202208218,0.5821608424813441,0.6205346662501859,0.5082730226311203,0.2077652044386705
18.900000000000002,0.597629987510067,0.5726450459773111,0.6205346662501859,0.6828593714995643,0.17867807581725662
19.0,0.6352629147604225,0.6106306897586014,0.6205346662501859,0.6487164029245861,0.1536631452028407
19.1,0.6443686972935424,0.6200229123894367,0.6370650796942102,0.8162805827783568,0.597150304874443
19.200000000000003,0.6254934523617476,0.6014943778186952,0.6306944288972681,0.775466553639439,0.5135492621920209
19.3,0.6214195873179208,0.597795181601463,0.6306944288972681,0.936693225957467,0.441652365485138
19.400000000000002,0.6460765909734213,0.6227357570915881,0.6306944288972681,0.8898585646595936,0.37982103431721864
19.5,0.6133056384161808,0.5903629888950657,0.6306944288972681,0.8453656364266139,0.32664608951280805
19.6,0.611087634817277,0.5885684836743279,0.6306944288972681,0.8030973546052832,0.2809156369810149
19.700000000000003,0.6284634641196877,0.606300206359109,0.6306944288972681,0.762942486875019,0.2415874478036728
19.8,0.6157726063236616,0.5939970669616863,0.6306944288972681,0.524795362531268,0.20776520511115862
19.900000000000002,0.6207386375512753,0.5993288472046656,0.6306944288972681,0.4985555944047046,0.1786780763955964
