time,temperature,T_ref,control,error,gP,gH,gS
0.0,0.5,0.55,0.0,-0.050000000000000044,-1.0,0.0,-1.0
0.1,0.508893885692646,0.55,0.0,-0.041106114307354,0.0,0.0,0.0
0.2,0.517155323197532,0.55,0.0,-0.032844676802468054,0.0,0.0,0.0
0.30000000000000004,0.5339593284616634,0.55,0.0,-0.01604067153833666,0.0,0.0,0.0
0.4,0.55353217863638,0.55,0.0,0.003532178636380001,0.0,0.0,0.0
0.5,0.5657562812164799,0.55,0.0,0.015756281216479873,0.0,0.0,0.0
0.6000000000000001,0.5807648601839571,0.55,0.0,0.030764860183957077,0.0,0.0,0.0
0.7000000000000001,0.5997635399088298,0.55,0.0,0.04976353990882976,0.0,0.0,0.0
0.8,0.6158921592991036,0.55,0.0,0.06589215929910353,0.0,0.0,0.0
0.9,0.6305489974986747,0.55,0.0,0.08054899749867461,0.0,0.0,0.0
1.0,0.6395212647286171,0.55,0.18,0.0895212647286171,1.0,0.0,0.0
1.1,0.6384266351457154,0.55,0.1476,0.08842663514571536,0.0,0.0,0.0
1.2000000000000002,0.6355697233339652,0.55,0.12103200000000001,0.08556972333396518,0.0,0.0,0.0
1.3,0.6285725297597695,0.55,0.09924624000000001,0.07857252975976947,0.0,0.0,0.0
1.4000000000000001,0.6226675909429719,0.55,0.08138191680000002,0.07266759094297182,0.0,0.0,0.0
1.5,0.6126433252543161,0.55,0.06673317177600002,0.06264332525431604,0.0,0.0,0.0
1.6,0.5970237202272264,0.55,0.05472120085632002,0.04702372022722634,0.0,0.0,0.0
1.7000000000000002,0.5843275172987672,0.55,0.04487138470218242,0.03432751729876715,0.0,0.0,0.0
1.8,0.5674747645824939,0.55,0.03679453545578958,0.017474764582493862,0.0,0.0,0.0
1.9000000000000001,0.5570574023415377,0.55,0.03017151907374746,0.007057402341537622,0.0,0.0,0.0
2.0,0.5453584774447265,0.55,0.02474064564047292,-0.004641522555273503,0.0,0.0,0.0
2.1,0.5357376503840126,0.55,0.020287329425187794,-0.01426234961598749,0.0,0.0,0.0
2.2,0.5278211072116882,0.55,0.016635610128653992,-0.022178892788311866,0.0,0.0,0.0
2.3000000000000003,0.5293862016240766,0.55,0.013641200305496275,-0.020613798375923476,0.0,0.0,0.0
2.4000000000000004,0.5305474027610273,0.55,0.011185784250506946,-0.019452597238972746,0.0,0.0,0.0
2.5,0.5348659730132858,0.55,0.009172343085415697,-0.015134026986714288,0.0,0.0,0.0
2.6,0.543192602842975,0.55,0.0075213213300408715,-0.0068073971570250524,0.0,0.0,0.0
2.7,0.5574473662170464,0.55,0.006167483490633515,0.007447366217046336,0.0,0.0,0.0
2.8000000000000003,0.5736255955010316,0.55,0.005057336462319483,0.023625595501031604,0.0,0.0,0.0
2.9000000000000004,0.5915271811850285,0.55,0.18414701589910196,0.041527181185028406,1.0,0.0,0.0
3.0,0.598400405514959,0.55,0.15100055303726362,0.048400405514958944,0.0,0.0,0.0
3.1,0.612695292499328,0.55,0.12382045349055618,0.06269529249932793,0.0,0.0,0.0
3.2,0.61982496815932,0.55,0.10153277186225607,0.06982496815931993,0.0,0.0,0.0
3.3000000000000003,0.6261986886669296,0.55,0.08325687292704997,0.07619868866692958,0.0,0.0,0.0
3.4000000000000004,0.6301247677383687,0.55,0.06827063580018099,0.08012476773836863,0.0,0.0,0.0
3.5,0.6359931712024551,0.55,0.05598192135614841,0.08599317120245509,0.0,0.0,0.0
3.6,0.6402626136996573,0.55,0.0459051755120417,0.09026261369965727,0.0,0.0,0.0
3.7,0.6373437515657021,0.55,0.037642243919874196,0.08734375156570207,0.0,0.0,0.0
3.8000000000000003,0.6290575534111463,0.55,0.030866640014296842,0.07905755341114629,0.0,0.0,0.0
3.9000000000000004,0.6180878459461999,0.55,0.2053106448117234,0.06808784594619988,1.0,0.0,0.0
4.0,0.5977171115930058,0.55,0.1683547287456132,0.047717111593005734,0.0,0.0,0.0
4.1000000000000005,0.5787379681516849,0.55,0.13805087757140283,0.028737968151684834,0.0,0.0,0.0
4.2,0.5606508251093131,0.55,0.11320171960855033,0.010650825109313034,0.0,0.0,0.0
4.3,0.5410154503827033,0.55,0.09282541007901128,-0.008984549617296778,0.0,0.0,0.0
4.4,0.5269666833377001,0.55,0.07611683626478925,-0.023033316662299907,0.0,0.0,0.0
4.5,0.5159127271640829,0.55,0.06241580573712719,-0.03408727283591717,0.0,0.0,0.0
4.6000000000000005,0.5090344135139898,0.55,0.0511809607044443,-0.04096558648601023,0.0,0.0,0.0
4.7,0.5083211942388091,0.55,0.04196838777764433,-0.041678805761190985,0.0,0.0,0.0
4.800000000000001,0.509918155148426,0.55,0.03441407797766835,-0.04008184485157407,0.0,0.0,0.0
4.9,0.5171669418581417,0.55,0.02821954394168805,-0.03283305814185833,0.0,0.0,0.0
5.0,0.526473989571087,0.55,0.023140026032184204,-0.023526010428913002,0.0,0.0,0.0
5.1000000000000005,0.5398898146084128,0.55,0.01897482134639105,-0.010110185391587256,0.0,0.0,0.0
5.2,0.5569838573829102,0.55,0.015559353504040663,0.006983857382910186,0.0,0.0,0.0
5.300000000000001,0.5694940646445881,0.55,0.012758669873313346,0.019494064644588027,0.0,0.0,0.0
5.4,0.5864207943268174,0.55,0.010462109296116944,0.03642079432681733,0.0,0.0,0.0
5.5,0.6026407316631401,0.55,0.1885789296228159,0.052640731663140095,1.0,0.0,0.0
5.6000000000000005,0.6054168737034817,0.55,0.15463472229070904,0.055416873703481695,0.0,0.0,0.0
5.7,0.6098369275971727,0.55,0.12680047227838143,0.05983692759717263,0.0,0.0,0.0
5.800000000000001,0.6187496039633004,0.55,0.10397638726827278,0.06874960396330032,0.0,0.0,0.0
5.9,0.6184718263773552,0.55,0.08526063755998368,0.06847182637735516,0.0,0.0,0.0
6.0,0.6213073649919252,0.55,0.06991372279918663,0.07130736499192514,0.0,0.0,0.0
6.1000000000000005,0.6131491660478482,0.55,0.057329252695333045,0.06314916604784815,0.0,0.0,0.0
6.2,0.6064095947933525,0.55,0.0470099872101731,0.0564095947933525,0.0,0.0,0.0
6.300000000000001,0.5985786238153729,0.55,0.03854818951234194,0.04857862381537281,0.0,0.0,0.0
6.4,0.5898833847988968,0.55,0.03160951540012039,0.03988338479889675,0.0,0.0,0.0
6.5,0.5800992380841148,0.55,0.025919802628098725,0.030099238084114743,0.0,0.0,0.0
6.6000000000000005,0.5699606576027071,0.55,0.10125423815504096,0.019960657602707044,0.0,1.0,0.0
6.7,0.5515473063804551,0.55,0.0830284752871336,0.0015473063804550824,0.0,0.0,0.0
6.800000000000001,0.5354811707678289,0.55,0.06808334973544955,-0.014518829232171182,0.0,0.0,0.0
6.9,0.526711918042141,0.55,0.05582834678306863,-0.02328808195785903,0.0,0.0,0.0
7.0,0.5184472193533073,0.55,0.04577924436211628,-0.03155278064669276,0.0,0.0,0.0
7.1000000000000005,0.5111342756915792,0.55,0.03753898037693535,-0.038865724308420835,0.0,0.0,0.0
7.2,0.5087958089311806,0.55,0.03078196390908699,-0.04120419106881945,0.0,0.0,0.0
7.300000000000001,0.511545687927235,0.55,0.025241210405451332,-0.03845431207276506,0.0,0.0,0.0
7.4,0.5226383970829962,0.55,0.020697792532470095,-0.027361602917003847,0.0,0.0,0.0
7.5,0.5359797941020312,0.55,0.01697218987662548,-0.014020205897968818,0.0,0.0,0.0
7.6000000000000005,0.5535925957678188,0.55,0.013917195698832895,0.0035925957678187848,0.0,0.0,0.0
7.7,0.5694822698247286,0.55,0.011412100473042974,0.01948226982472856,0.0,0.0,0.0
7.800000000000001,0.5879315928182427,0.55,0.00935792238789524,0.037931592818242654,0.0,0.0,0.0
7.9,0.6074293799628302,0.55,0.1876734963580741,0.05742937996283015,1.0,0.0,0.0
8.0,0.6109940509448025,0.55,0.15389226701362077,0.06099405094480248,0.0,0.0,0.0
8.1,0.6173566108977079,0.55,0.12619165895116904,0.06735661089770784,0.0,0.0,0.0
8.200000000000001,0.6194317985423656,0.55,0.10347716033995863,0.06943179854236559,0.0,0.0,0.0
8.3,0.620657860792454,0.55,0.08485127147876609,0.07065786079245395,0.0,0.0,0.0
8.4,0.6193517630330032,0.55,0.0695780426125882,0.06935176303300317,0.0,0.0,0.0
8.5,0.6127821046381471,0.55,0.05705399494232232,0.06278210463814704,0.0,0.0,0.0
8.6,0.6085457921996819,0.55,0.04678427585270431,0.05854579219968181,0.0,0.0,0.0
8.700000000000001,0.5987175508373787,0.55,0.03836310619921754,0.04871755083737861,0.0,0.0,0.0
8.8,0.5883056218936006,0.55,0.031457747083358384,0.03830562189360054,0.0,0.0,0.0
8.9,0.5779251405300283,0.55,0.025795352608353878,0.02792514053002826,0.0,0.0,0.0
9.0,0.566871671671776,0.55,0.021152189138850183,0.016871671671775945,0.0,0.0,0.0
9.1,0.5568620901580242,0.55,0.01734479509385715,0.006862090158024192,0.0,0.0,0.0
9.200000000000001,0.5458598368860412,0.55,0.014222731976962865,-0.004140163113958817,0.0,0.0,0.0
9.3,0.5361786806177959,0.55,0.011662640221109551,-0.0138213193822041,0.0,0.0,0.0
9.4,0.5306012372800253,0.55,0.009563364981309833,-0.01939876271997476,0.0,0.0,0.0
9.5,0.5237450901296572,0.55,0.007841959284674065,-0.026254909870342846,0.0,0.0,0.0
9.600000000000001,0.521709463834303,0.55,0.006430406613432733,-0.02829053616569699,0.0,0.0,0.0
9.700000000000001,0.5241309053890251,0.55,0.0052729334230148415,-0.025869094610974974,0.0,0.0,0.0
9.8,0.5313551955460388,0.55,0.0043238054068721705,-0.018644804453961217,0.0,0.0,0.0
9.9,0.5460594083711142,0.55,0.00354552043363518,-0.003940591628885826,0.0,0.0,0.0
10.0,0.559210310317317,0.55,0.002907326755580848,0.009210310317317005,0.0,0.0,0.0
10.100000000000001,0.5756576453712854,0.55,0.0023840079395762953,0.025657645371285343,0.0,0.0,0.0
10.200000000000001,0.5977807731090122,0.55,0.18195488651045255,0.04778077310901219,1.0,0.0,0.0
10.3,0.6026080642972517,0.55,0.1492030069385711,0.05260806429725162,0.0,0.0,0.0
10.4,0.6120686268784978,0.55,0.12234646568962831,0.06206862687849779,0.0,0.0,0.0
10.5,0.6162476396533166,0.55,0.10032410186549523,0.06624763965331659,0.0,0.0,0.0
10.600000000000001,0.6214296976701787,0.55,0.08226576352970609,0.0714296976701787,0.0,0.0,0.0
10.700000000000001,0.6221624179439194,0.55,0.067457926094359,0.07216241794391931,0.0,0.0,0.0
10.8,0.6220310623177103,0.55,0.05531549939737438,0.07203106231771028,0.0,0.0,0.0
10.9,0.6223499630077985,0.55,0.04535870950584699,0.0723499630077985,0.0,0.0,0.0
11.0,0.6117121430332076,0.55,0.037194141794794536,0.0617121430332076,0.0,0.0,0.0
11.100000000000001,0.6050461754667728,0.55,0.030499196271731522,0.05504617546677271,0.0,0.0,0.0
11.200000000000001,0.5954779325804871,0.55,0.20500934094281983,0.045477932580487046,1.0,0.0,0.0
11.3,0.5702305815293305,0.55,0.16810765957311227,0.020230581529330438,0.0,0.0,0.0
11.4,0.5446864044553741,0.55,0.13784828084995207,-0.00531359554462596,0.0,0.0,0.0
11.5,0.5265283772335779,0.55,0.11303559029696071,-0.023471622766422118,0.0,0.0,0.0
11.600000000000001,0.5096669345721869,0.55,0.09268918404350779,-0.04033306542781312,0.0,0.0,0.0
11.700000000000001,0.4988211430457711,0.55,0.07600513091567639,-0.05117885695422897,0.0,0.0,0.0
11.8,0.4913947091052226,0.55,0.062324207350854643,-0.05860529089477745,0.0,0.0,0.0
11.9,0.49310317480448757,0.55,0.05110585002770081,-0.05689682519551248,0.0,0.0,0.0
12.0,0.49354112006237427,0.55,0.041906797022714666,-0.05645887993762577,0.0,0.0,0.0
12.100000000000001,0.49608180465895946,0.55,0.03436357355862603,-0.05391819534104059,0.0,0.0,0.0
12.200000000000001,0.5064649621324623,0.55,0.0,-0.04353503786753776,-1.0,0.0,0.0
12.3,0.5222553166506244,0.55,0.0,-0.027744683349375632,0.0,0.0,0.0
12.4,0.5437165264160788,0.55,0.0,-0.006283473583921229,0.0,0.0,0.0
12.5,0.5648295113588955,0.55,0.0,0.01482951135889543,0.0,0.0,0.0
12.600000000000001,0.5848653251597132,0.55,0.0,0.03486532515971319,0.0,0.0,0.0
12.700000000000001,0.6076488010437237,0.55,0.0,0.05764880104372361,0.0,0.0,0.0
12.8,0.620733735348521,0.55,0.0,0.07073373534852101,0.0,0.0,0.0
12.9,0.6332600810813169,0.55,0.0,0.08326008108131688,0.0,0.0,0.0
13.0,0.6418652438731194,0.55,0.0,0.09186524387311934,0.0,0.0,0.0
13.100000000000001,0.64850907579446,0.55,0.0,0.09850907579446,0.0,0.0,0.0
13.200000000000001,0.6482155281536134,0.55,0.26,0.09821552815361334,1.0,1.0,0.0
13.3,0.6332304238886647,0.55,0.21320000000000003,0.08323042388866464,0.0,0.0,0.0
13.4,0.6156356322345998,0.55,0.17482400000000003,0.06563563223459978,0.0,0.0,0.0
13.5,0.5941168386558023,0.55,0.14335568000000004,0.04411683865580229,0.0,0.0,0.0
13.600000000000001,0.5740606897030703,0.55,0.11755165760000004,0.024060689703070293,0.0,0.0,0.0
13.700000000000001,0.5583652408282389,0.55,0.09639235923200004,0.008365240828238862,0.0,0.0,0.0
13.8,0.5449654658357536,0.55,0.07904173457024004,-0.005034534164246485,0.0,0.0,0.0
13.9,0.5363796865319453,0.55,0.06481422234759683,-0.013620313468054701,0.0,0.0,0.0
14.0,0.5324430294101513,0.55,0.053147662325029404,-0.01755697058984873,0.0,0.0,0.0
14.100000000000001,0.5234758190889073,0.55,0.043581083106524116,-0.026524180911092765,0.0,0.0,0.0
14.200000000000001,0.5137855178809491,0.55,0.035736488147349775,-0.036214482119050984,0.0,0.0,0.0
14.3,0.5048066742257883,0.55,0.0,-0.04519332577421176,-1.0,0.0,0.0
14.4,0.509447502161711,0.55,0.0,-0.04055249783828907,0.0,0.0,0.0
14.5,0.5144778652948394,0.55,0.0,-0.035522134705160635,0.0,0.0,0.0
14.600000000000001,0.5243114221145915,0.55,0.0,-0.02568857788540857,0.0,0.0,0.0
14.700000000000001,0.5366410640080904,0.55,0.0,-0.013358935991909626,0.0,0.0,0.0
14.8,0.5528249249612038,0.55,0.0,0.0028249249612037897,0.0,0.0,0.0
14.9,0.5741382941638523,0.55,0.0,0.02413829416385227,0.0,0.0,0.0
15.0,0.5930715889229461,0.55,0.0,0.04307158892294605,0.0,0.0,0.0
15.100000000000001,0.6105457807701256,0.55,0.0,0.06054578077012551,0.0,0.0,0.0
15.200000000000001,0.6239334886564329,0.55,0.0,0.0739334886564329,0.0,0.0,0.0
15.3,0.6331821237852381,0.55,0.18,0.08318212378523804,1.0,0.0,0.0
15.4,0.631439548811581,0.55,0.1476,0.081439548811581,0.0,0.0,0.0
15.5,0.6300832137208421,0.55,0.12103200000000001,0.08008321372084204,0.0,0.0,0.0
15.600000000000001,0.6323704973645815,0.55,0.09924624000000001,0.08237049736458146,0.0,0.0,0.0
15.700000000000001,0.6271516999813971,0.55,0.08138191680000002,0.07715169998139704,0.0,0.0,0.0
15.8,0.6220485154886,0.55,0.06673317177600002,0.07204851548859992,0.0,0.0,0.0
15.9,0.6101072412970471,0.55,0.05472120085632002,0.06010724129704703,0.0,0.0,0.0
16.0,0.594426693628875,0.55,0.04487138470218242,0.04442669362887497,0.0,0.0,0.0
16.1,0.5785079799134778,0.55,0.03679453545578958,0.028507979913477755,0.0,0.0,0.0
16.2,0.5631944603645043,0.55,0.03017151907374746,0.013194460364504224,0.0,0.0,0.0
16.3,0.5571879599173823,0.55,0.02474064564047292,0.007187959917382303,0.0,0.0,0.0
16.400000000000002,0.5435197820566812,0.55,0.020287329425187794,-0.006480217943318878,0.0,0.0,0.0
16.5,0.5373571652611808,0.55,0.016635610128653992,-0.01264283473881922,0.0,0.0,0.0
16.6,0.5289239187639574,0.55,0.013641200305496275,-0.021076081236042654,0.0,0.0,0.0
16.7,0.5297506950735512,0.55,0.011185784250506946,-0.02024930492644883,0.0,0.0,0.0
16.8,0.532669870520636,0.55,0.009172343085415697,-0.017330129479364076,0.0,0.0,0.0
16.900000000000002,0.5378193801773158,0.55,0.0075213213300408715,-0.012180619822684258,0.0,0.0,0.0
17.0,0.547027585899393,0.55,0.006167483490633515,-0.0029724141006070015,0.0,0.0,0.0
17.1,0.5576016086484405,0.55,0.005057336462319483,0.007601608648440505,0.0,0.0,0.0
17.2,0.5740853785228723,0.55,0.0041470158991019765,0.02408537852287229,0.0,0.0,0.0
17.3,0.5894180020604124,0.55,0.1834005530372636,0.03941800206041235,1.0,0.0,0.0
17.400000000000002,0.5914843343494768,0.55,0.15038845349055616,0.04148433434947674,0.0,0.0,0.0
17.5,0.59593390778864,0.55,0.12331853186225605,0.04593390778863993,0.0,0.0,0.0
17.6,0.6057389353162085,0.55,0.10112119612704998,0.05573893531620844,0.0,0.0,0.0
17.7,0.6191745646016812,0.55,0.08291938082418099,0.06917456460168114,0.0,0.0,0.0
17.8,0.6264234099965095,0.55,0.06799389227582842,0.07642340999650943,0.0,0.0,0.0
17.900000000000002,0.6303059299931151,0.55,0.0557549916661793,0.08030592999311503,0.0,0.0,0.0
18.0,0.6323679916475303,0.55,0.04571909316626703,0.08236799164753028,0.0,0.0,0.0
18.1,0.6341476738666887,0.55,0.037489656396338965,0.08414767386668864,0.0,0.0,0.0
18.2,0.629222705476354,0.55,0.030741518244997955,0.0792227054763539,0.0,0.0,0.0
18.3,0.6194928490369023,0.55,0.2052080449608983,0.06949284903690223,1.0,0.0,0.0
18.400000000000002,0.600419928797719,0.55,0.16827059686793663,0.05041992879771895,0.0,0.0,0.0
18.5,0.5803566863186037,0.55,0.13798188943170805,0.030356686318603665,0.0,0.0,0.0
18.6,0.5651643458447235,0.55,0.11314514933400062,0.015164345844723481,0.0,0.0,0.0
18.7,0.5478349589992206,0.55,0.09277902245388052,-0.0021650410007794108,0.0,0.0,0.0
18.8,0.5290507791967023,0.55,0.07607879841218203,-0.020949220803297752,0.0,0.0,0.0
18.900000000000002,0.513432129053764,0.55,0.06238461469798927,-0.036567870946236036,0.0,0.0,0.0
19.0,0.5109866089458727,0.55,0.051155384052351205,-0.03901339105412738,0.0,0.0,0.0
19.1,0.5127262614322956,0.55,0.04194741492292799,-0.03727373856770444,0.0,0.0,0.0
19.200000000000003,0.5128771859461522,0.55,0.03439688023680096,-0.037122814053847875,0.0,0.0,0.0
19.3,0.516780877657474,0.55,0.028205441794176788,-0.033219122342526,0.0,0.0,0.0
19.400000000000002,0.5302912986581687,0.55,0.02312846227122497,-0.019708701341831336,0.0,0.0,0.0
19.5,0.5393130889370215,0.55,0.018965339062404475,-0.010686911062978588,0.0,0.0,0.0
19.6,0.551860867451908,0.55,0.015551578031171671,0.0018608674519079438,0.0,0.0,0.0
19.700000000000003,0.5709498758826967,0.55,0.012752293985560771,0.0209498758826967,0.0,0.0,0.0
19.8,0.5875735445005725,0.55,0.010456881068159833,0.03757354450057249,0.0,0.0,0.0
19.900000000000002,0.6051272780114646,0.55,0.18857464247589106,0.05512727801146455,1.0,0.0,0.0
20.0,0.6091956286313474,0.55,0.15463120683023068,0.05919562863134731,0.0,0.0,0.0
20.1,0.6152498549747636,0.55,0.12679758960078916,0.06524985497476354,0.0,0.0,0.0
20.200000000000003,0.6236078224585887,0.55,0.10397402347264711,0.07360782245858866,0.0,0.0,0.0
20.3,0.6259369055217014,0.55,0.08525869924757064,0.0759369055217014,0.0,0.0,0.0
20.400000000000002,0.6273961343076327,0.55,0.06991213338300793,0.0773961343076327,0.0,0.0,0.0
20.5,0.6178070911192581,0.55,0.05732794937406651,0.06780709111925809,0.0,0.0,0.0
20.6,0.6116743875228863,0.55,0.04700891848673454,0.06167438752288623,0.0,0.0,0.0
20.700000000000003,0.6005410236487717,0.55,0.038547313159122326,0.050541023648771666,0.0,0.0,0.0
20.8,0.5863246861580446,0.55,0.03160879679048031,0.03632468615804452,0.0,0.0,0.0
20.900000000000002,0.5719647631685061,0.55,0.025919213368193854,0.02196476316850604,0.0,0.0,0.0
